{
	"0": {
		"x": 601.2100219726563,
		"y": 242.3268280029297,
		"z": 0.0
	}|
	"1": {
		"x": 436.06317138671877,
		"y": 367.2139587402344,
		"z": 0.0
	}|
	"2": {
		"x": 582.9553833007813,
		"y": 419.97576904296877,
		"z": 0.0
	}|
	"3": {
		"x": 751.2820434570313,
		"y": 422.90802001953127,
		"z": 0.0
	}|
	"4": {
		"x": 749.580078125,
		"y": 341.9056091308594,
		"z": 0.0
	}|
	"5": {
		"x": 941.9400634765625,
		"y": 425.049072265625,
		"z": 0.0
	}|
	"6": {
		"x": 948.2859497070313,
		"y": 325.7791748046875,
		"z": 0.0
	}|
	"7": {
		"x": 767.406494140625,
		"y": 202.19097900390626,
		"z": 0.0
	}|
	"8": {
		"x": 963.323486328125,
		"y": 199.8036651611328,
		"z": 0.0
	}
}